INDEX_URL,SITEMAP_URL,URL_TESTED,URL,DOMAIN,REDIRECTED,REDIRECT_URL,REDIRECT_DOMAIN
1,https://alvent.com.tr/post-sitemap.xml,https://alvent.com.tr/blog/,,alvent.com.tr,,,
2,https://alvent.com.tr/post-sitemap.xml,https://alvent.com.tr/maske-uretimine-nasil-basladik/,,alvent.com.tr,,,
3,https://alvent.com.tr/post-sitemap.xml,https://alvent.com.tr/tesisimiz-acildi/,,alvent.com.tr,,,
4,https://alvent.com.tr/post-sitemap.xml,https://alvent.com.tr/mutluluk-paylastikca-cogalir/,,alvent.com.tr,,,
5,https://alvent.com.tr/post-sitemap.xml,https://alvent.com.tr/oylesine-uretim-yapmiyoruz/,,alvent.com.tr,,,
6,https://alvent.com.tr/post-sitemap.xml,https://alvent.com.tr/ffp1-ffp2-ffp3-ve-n95-hakkinda-merak-edilenler/,,alvent.com.tr,,,
7,https://alvent.com.tr/post-sitemap.xml,https://alvent.com.tr/2-kat-maskeler-etkili-mi/,,alvent.com.tr,,,
8,https://alvent.com.tr/post-sitemap.xml,https://alvent.com.tr/cerrahi-maske-nedir-solunum-tipi-maskeleri-nelerdir/,,alvent.com.tr,,,
9,https://alvent.com.tr/post-sitemap.xml,https://alvent.com.tr/valfli-ve-valfsiz-maskeler-nelerdir/,,alvent.com.tr,,,
10,https://alvent.com.tr/post-sitemap.xml,https://alvent.com.tr/ffp2-maske-uyum-testi-fit-test-nasil-yapilir/,,alvent.com.tr,,,
11,https://alvent.com.tr/post-sitemap.xml,https://alvent.com.tr/ffp-standardi-nedir/,,alvent.com.tr,,,
12,https://alvent.com.tr/post-sitemap.xml,https://alvent.com.tr/n95-ve-ffp2-farki-nedir/,,alvent.com.tr,,,
13,https://alvent.com.tr/post-sitemap.xml,https://alvent.com.tr/ne-zaman-ve-nasil-n95-ffp2-ve-cerrahi-maske-kullanilmalidir/,,alvent.com.tr,,,
14,https://alvent.com.tr/post-sitemap.xml,https://alvent.com.tr/aerosol-olusturan-islemler-nelerdir/,,alvent.com.tr,,,
15,https://alvent.com.tr/post-sitemap.xml,https://alvent.com.tr/aerosol-olusturan-islemler-sirasinda-nelere-dikkat-edilmelidir/,,alvent.com.tr,,,
16,https://alvent.com.tr/post-sitemap.xml,https://alvent.com.tr/ffp2-maske-nasil-takilir/,,alvent.com.tr,,,
17,https://alvent.com.tr/post-sitemap.xml,https://alvent.com.tr/ffp2-n95-maskesi-kullanimi-sirasinda-dikkat-edilmesi-gerekenler/,,alvent.com.tr,,,
18,https://alvent.com.tr/post-sitemap.xml,https://alvent.com.tr/urunlerimize-gosterdiginiz-ilgi-icin-tesekkurler/,,alvent.com.tr,,,
19,https://alvent.com.tr/post-sitemap.xml,https://alvent.com.tr/bayi-kanalimiz-acildi/,,alvent.com.tr,,,
20,https://alvent.com.tr/post-sitemap.xml,https://alvent.com.tr/n95in-katmanlari-nelerdir/,,alvent.com.tr,,,
21,https://alvent.com.tr/post-sitemap.xml,https://alvent.com.tr/kumas-maskeler-ne-kadar-etkili/,,alvent.com.tr,,,
22,https://alvent.com.tr/post-sitemap.xml,https://alvent.com.tr/cocuklarla-karantina-gunlerine-devam-ediyoruz/,,alvent.com.tr,,,
23,https://alvent.com.tr/post-sitemap.xml,https://alvent.com.tr/asi-sonrasi-maskeye-gerek-olacak-mi/,,alvent.com.tr,,,
24,https://alvent.com.tr/post-sitemap.xml,https://alvent.com.tr/maske-ile-ilgili-yanlis-bilinen-3-gercek/,,alvent.com.tr,,,
25,https://alvent.com.tr/post-sitemap.xml,https://alvent.com.tr/maske-cesitleri-ve-kullanim-alanlari-nelerdir-2/,,alvent.com.tr,,,
26,https://alvent.com.tr/post-sitemap.xml,https://alvent.com.tr/ffp2-maskeyi-ne-kadar-sure-kullanabiliriz-2/,,alvent.com.tr,,,
27,https://alvent.com.tr/post-sitemap.xml,https://alvent.com.tr/meltblown-icerigi-nedir/,,alvent.com.tr,,,
28,https://alvent.com.tr/post-sitemap.xml,https://alvent.com.tr/ffp2-maske-uyum-testi-yani-fit-test-nasil-yapilir/,,alvent.com.tr,,,
29,https://alvent.com.tr/post-sitemap.xml,https://alvent.com.tr/bez-maskeler-ne-kadar-etkili/,,alvent.com.tr,,,
30,https://alvent.com.tr/post-sitemap.xml,https://alvent.com.tr/covid-19-surecini-atlatmak-icin-asilara-guvenmeli-miyiz/,,alvent.com.tr,,,
31,https://alvent.com.tr/page-sitemap.xml,https://alvent.com.tr/,,alvent.com.tr,,,
32,https://alvent.com.tr/page-sitemap.xml,https://alvent.com.tr/uyelik-ve-kullanim-kosullari/,,alvent.com.tr,,,
33,https://alvent.com.tr/page-sitemap.xml,https://alvent.com.tr/sepetim/,,alvent.com.tr,,,
34,https://alvent.com.tr/page-sitemap.xml,https://alvent.com.tr/sepet/,,alvent.com.tr,,,
35,https://alvent.com.tr/page-sitemap.xml,https://alvent.com.tr/sorular/,,alvent.com.tr,,,
36,https://alvent.com.tr/page-sitemap.xml,https://alvent.com.tr/odeme/,,alvent.com.tr,Evet,https://alvent.com.tr/sepetim/,alvent.com.tr
37,https://alvent.com.tr/page-sitemap.xml,https://alvent.com.tr/satis-sozlesmesi/,,alvent.com.tr,,,
38,https://alvent.com.tr/page-sitemap.xml,https://alvent.com.tr/meltblown-filter/,,alvent.com.tr,,,
39,https://alvent.com.tr/page-sitemap.xml,https://alvent.com.tr/maske-nasil-takilir/,,alvent.com.tr,,,
40,https://alvent.com.tr/page-sitemap.xml,https://alvent.com.tr/kalite-sertifikalarimiz/,,alvent.com.tr,,,
41,https://alvent.com.tr/page-sitemap.xml,https://alvent.com.tr/istek-listesi/,,alvent.com.tr,,,
42,https://alvent.com.tr/page-sitemap.xml,https://alvent.com.tr/iade-politikasi/,,alvent.com.tr,,,
43,https://alvent.com.tr/page-sitemap.xml,https://alvent.com.tr/hesabim/,,alvent.com.tr,,,
44,https://alvent.com.tr/page-sitemap.xml,https://alvent.com.tr/haber-bulteni/,,alvent.com.tr,,,
45,https://alvent.com.tr/page-sitemap.xml,https://alvent.com.tr/gizlilik-politikasi/,,alvent.com.tr,,,
46,https://alvent.com.tr/page-sitemap.xml,https://alvent.com.tr/cerez-politikasi/,,alvent.com.tr,,,
47,https://alvent.com.tr/page-sitemap.xml,https://alvent.com.tr/blog/meltblown-hakkinda/,,alvent.com.tr,,,
48,https://alvent.com.tr/page-sitemap.xml,https://alvent.com.tr/banka-hesaplarimiz/,,alvent.com.tr,,,
49,https://alvent.com.tr/page-sitemap.xml,https://alvent.com.tr/meltblown-maske/,,alvent.com.tr,,,
50,https://alvent.com.tr/page-sitemap.xml,https://alvent.com.tr/urunler/,,alvent.com.tr,,,
51,https://alvent.com.tr/page-sitemap.xml,https://alvent.com.tr/odeme/shipping-addresses/,,alvent.com.tr,,,
52,https://alvent.com.tr/page-sitemap.xml,https://alvent.com.tr/hesabim/account-addresses/,,alvent.com.tr,,,
53,https://alvent.com.tr/page-sitemap.xml,https://alvent.com.tr/magaza/,,alvent.com.tr,,,
54,https://alvent.com.tr/page-sitemap.xml,https://alvent.com.tr/bize-ulasin/,,alvent.com.tr,,,
55,https://alvent.com.tr/page-sitemap.xml,https://alvent.com.tr/error-404/,,alvent.com.tr,,,
56,https://alvent.com.tr/page-sitemap.xml,https://alvent.com.tr/kisisel-veriler-aydinlatma-ve-riza-metni/,,alvent.com.tr,,,
57,https://alvent.com.tr/page-sitemap.xml,https://alvent.com.tr/hakkimizda/,,alvent.com.tr,,,
58,https://alvent.com.tr/page-sitemap.xml,https://alvent.com.tr/toptan-maske-al/,,alvent.com.tr,,,
59,https://alvent.com.tr/page-sitemap.xml,https://alvent.com.tr/oneri-ve-sikayetleriniz/,,alvent.com.tr,,,
60,https://alvent.com.tr/portfolio-sitemap.xml,https://alvent.com.tr/portfolio/,,alvent.com.tr,,,
61,https://alvent.com.tr/product-sitemap.xml,https://alvent.com.tr/magaza/,,alvent.com.tr,,,
62,https://alvent.com.tr/product-sitemap.xml,https://alvent.com.tr/urun/ffp2-n95-maske-ma-600/,,alvent.com.tr,,,
63,https://alvent.com.tr/product-sitemap.xml,https://alvent.com.tr/urun/cocuk-maskesi-ma-356-mini/,,alvent.com.tr,,,
64,https://alvent.com.tr/product-sitemap.xml,https://alvent.com.tr/urun/siyah-maske-ma-250/,,alvent.com.tr,,,
65,https://alvent.com.tr/product-sitemap.xml,https://alvent.com.tr/urun/elastik-kulakli-maske-ma-356/,,alvent.com.tr,,,
66,https://alvent.com.tr/product-sitemap.xml,https://alvent.com.tr/urun/elastik-kulakli-maske-poset-ma-356/,,alvent.com.tr,,,
67,https://alvent.com.tr/product-sitemap.xml,https://alvent.com.tr/urun/ma-250-siyah-beyaz-meltblown-maske-2-kutu-100-adet/,,alvent.com.tr,,,
68,https://alvent.com.tr/product-sitemap.xml,https://alvent.com.tr/urun/ma-356-yeni-nesil-elastik-kulakli-siyah-beyaz-meltblown-maske-2-kutu-100-adet/,,alvent.com.tr,,,
69,https://alvent.com.tr/product-sitemap.xml,https://alvent.com.tr/urun/kulak-ipli-cerrahi-maske-ma-250/,,alvent.com.tr,,,
70,https://alvent.com.tr/product-sitemap.xml,https://alvent.com.tr/urun/ma-356-yeni-nesil-yumusak-kulakli-meltblown-maske-4x10-paket-kutu/,,alvent.com.tr,,,
71,https://alvent.com.tr/category-sitemap.xml,https://alvent.com.tr/category/genel/,,alvent.com.tr,,,
72,https://alvent.com.tr/category-sitemap.xml,https://alvent.com.tr/category/maske/,,alvent.com.tr,,,
73,https://alvent.com.tr/post_tag-sitemap.xml,https://alvent.com.tr/tag/cerrahi-maske/,,alvent.com.tr,,,
74,https://alvent.com.tr/post_tag-sitemap.xml,https://alvent.com.tr/tag/cift-kat/,,alvent.com.tr,,,
75,https://alvent.com.tr/post_tag-sitemap.xml,https://alvent.com.tr/tag/ffp1/,,alvent.com.tr,,,
76,https://alvent.com.tr/post_tag-sitemap.xml,https://alvent.com.tr/tag/ffp1-nedir/,,alvent.com.tr,,,
77,https://alvent.com.tr/post_tag-sitemap.xml,https://alvent.com.tr/tag/ffp2/,,alvent.com.tr,,,
78,https://alvent.com.tr/post_tag-sitemap.xml,https://alvent.com.tr/tag/ffp2-nedir/,,alvent.com.tr,,,
79,https://alvent.com.tr/post_tag-sitemap.xml,https://alvent.com.tr/tag/ffp3/,,alvent.com.tr,,,
80,https://alvent.com.tr/post_tag-sitemap.xml,https://alvent.com.tr/tag/ffp3-nedir/,,alvent.com.tr,,,
81,https://alvent.com.tr/post_tag-sitemap.xml,https://alvent.com.tr/tag/filtrasyon/,,alvent.com.tr,,,
82,https://alvent.com.tr/post_tag-sitemap.xml,https://alvent.com.tr/tag/guvenilir/,,alvent.com.tr,,,
83,https://alvent.com.tr/post_tag-sitemap.xml,https://alvent.com.tr/tag/iki-kat/,,alvent.com.tr,,,
84,https://alvent.com.tr/post_tag-sitemap.xml,https://alvent.com.tr/tag/kn95/,,alvent.com.tr,,,
85,https://alvent.com.tr/post_tag-sitemap.xml,https://alvent.com.tr/tag/koruyuculuk/,,alvent.com.tr,,,
86,https://alvent.com.tr/post_tag-sitemap.xml,https://alvent.com.tr/tag/maske/,,alvent.com.tr,,,
87,https://alvent.com.tr/post_tag-sitemap.xml,https://alvent.com.tr/tag/medikal-maske/,,alvent.com.tr,,,
88,https://alvent.com.tr/post_tag-sitemap.xml,https://alvent.com.tr/tag/n95/,,alvent.com.tr,,,
89,https://alvent.com.tr/post_tag-sitemap.xml,https://alvent.com.tr/tag/n95-nedir/,,alvent.com.tr,,,
90,https://alvent.com.tr/post_tag-sitemap.xml,https://alvent.com.tr/tag/partikul/,,alvent.com.tr,,,
91,https://alvent.com.tr/post_tag-sitemap.xml,https://alvent.com.tr/tag/tek-kat/,,alvent.com.tr,,,
92,https://alvent.com.tr/product_cat-sitemap.xml,https://alvent.com.tr/urun-kategorisi/maske/,,alvent.com.tr,,,
93,https://alvent.com.tr/author-sitemap.xml,https://alvent.com.tr/author/aslan/,,alvent.com.tr,,,
94,https://alvent.com.tr/author-sitemap.xml,https://alvent.com.tr/author/aaltinisik/,,alvent.com.tr,,,
95,https://alvent.com.tr/author-sitemap.xml,https://alvent.com.tr/author/berk/,,alvent.com.tr,,,
96,https://alvent.com.tr/author-sitemap.xml,https://alvent.com.tr/author/ildirsahinkubra/,,alvent.com.tr,,,
97,https://alvent.com.tr/author-sitemap.xml,https://alvent.com.tr/author/ozge/,,alvent.com.tr,,,
98,https://alvent.com.tr/author-sitemap.xml,https://alvent.com.tr/author/yigit/,,alvent.com.tr,,,
